image_id,Front bumper,Trunk lid,Bonnet,Head lights(L),Rear bumper,Rear door(R),Front door(R),Rear fender(R),Rear fender(L),Rear lamp(R),Side mirror(R),A pillar(L),Rear door(L),Front door(L),Front fender(R),Front Wheel(L),Front Wheel(R),Rear lamp(L),Front fender(L),Rocker panel(R),Head lights(R),Rear Wheel(R),Rear Wheel(L),C pillar(L),Side mirror(L),Rocker panel(L),Windshield,C pillar(R),Rear windshield,Undercarriage,Roof,A pillar(R),B pillar(R),total_anns,ran_var,dataset
0001389_as-0067762.jpg,1,,,,,,,,,,,,,,1,,1,,,,,,,,,,,,,,,,,3,,train
0000519_sc-193337.jpg,1,,,,,,,,,,,,,,,,,,,,,,,,,,,,,,,,,1,,train
0000866_as-0072983.jpg,1,,,,,,,,,,,,,,,,,,,,,,,,,,,,,,,,,2,,train
0000562_as-0058093.jpg,1,,,,,,,,,,,,,,,,,,,,,,,,,,,,,,,,,1,,train
0001418_as-0040786.jpg,1,,,,1,1,,1,,,,,,,,,,,,,,1,,,,,,,,,,,,6,,train
0000900_as-0007999.jpg,,,,,1,,,,,,,,,,,,,,,,,,,,,,,,,,,,,1,,val
0000636_as-0085509.jpg,1,,1,1,,,,,,,,,,,1,,,,1,,,,,,,,,,,,,,,5,,test
0000413_sc-133902.jpg,,,,,,,,,,,,,,,,,,,,,,,,,,,,,,,,,,0,,train
0001052_sc-197915.jpg,1,,,,,,,,,,,,,,,,,,,1,,,,,,,,,,,,,,2,,train
0000100_as-0059752.jpg,,,,,1,,,,,,,,,,,,,,,,,,,,,,,,,,,,,1,,train
0001033_as-0049570.jpg,1,,,1,,,,,,,,,,,1,1,1,,1,,,,,,,,,,,,,,,6,,train
0000129_as-0070095.jpg,,,,,1,1,,1,,,,,,,,,,,,,,,,,,,,,,,,,,3,,train
0000062_sc-196153.jpg,,,,,1,,,,,,,,,,,,,,,,,,,,,,,,,,,,,1,,val
0000723_as-0013883.jpg,,,,,1,,,,,,,,,,,,,,,,,,,,,,,,,,,,,1,,test
0000031_sc-222547.jpg,,,,,,,,,,,,,,,,,,,,,,,,,,,,,,,1,,,1,,train
0000341_as-0052574.jpg,,,,,,1,1,,,,,,,,,,,,,,,,,,,,,,,,,,,2,,train
0000882_as-0050809.jpg,,,,,1,,,,1,,,,1,1,,,,,1,1,,,,,,,,,,,,,,6,,train
0000133_as-0070095.jpg,,,,,1,1,,1,,,,,,,,,,,,,,,,,,,,,,,,,,3,,train
0001254_sc-203894.jpg,,,,,1,,,,,1,,,,,,,,,,,,,,,,,,,,,,,,2,,train
0000884_as-0004241.jpg,,,,,1,,,,1,,,,,,,,,,,,,,1,,,,,,,,,,,3,,val
0000504_as-0074167.jpg,1,,,1,,,,,,,,,,,,,,,,,,,,,,,,,,,,,,2,,test
0001421_as-0040786.jpg,1,,,,1,1,,1,,,,,,,,,,,,,,1,,,,,,,,,,,,6,,train
0000121_as-0038448.jpg,,,,,1,,,,,,,,,,,,,,,,,,,,,,,,,,,,,1,,train
0000998_sc-1034559.jpg,1,,,,,,,,,,,,,,,,,,,,,,,,,,,,,,,,,1,,train
0000016_as-0031772.jpg,,,,,,,,,,,,,,,,,,,,,,,,,,,,,,,,,,0,,train
0000252_as-3202000.jpg,1,,,,,,,,,,,,,,,,,,,,,,,,,,,,,,,,,1,,train
0000537_sc-162189.jpg,1,,,,,,,,,,,,,,,,,,,,,,,,,,,,,,,,,1,,val
0000084_sc-108575.jpg,,,,,,,,,,,,,,,,,,,,,,,,,,,,,,,,,,0,,test
0001295_sc-150389.jpg,1,,,,1,1,,,1,,,,1,1,,,,,,,,,,,,,,,,,,,,6,,train
0000038_as-0096878.jpg,1,,,1,,,,,,,,,,,1,,,,,,,,,,,,,,,,,,,3,,train
0000368_as-0061741.jpg,,,,,1,,,,,,,,,,,,,,,,,,,,,,,,,,,,,1,,train
0001074_sc-124095.jpg,1,,,,,,,,,,,,,,,,,,,,,,,,,,,,,,,,,1,,train
0000923_as-0081081.jpg,1,,,,,,,,,,,,,,1,,,,,,,,,,,,,,,,,,,2,,train
0000978_as-0035400.jpg,,,,,,1,1,1,,,,,,,1,,1,,,1,,,,,,,,,,,,,,6,,val
0001081_sc-147515.jpg,,,,,,,,,,,,,,,,,,,,,,,,,,,,,,,,,,0,,test
0001172_as-0077088.jpg,,,,,1,,,,,,,,,,,,,,,,,,,,,,,,,,,,,1,,train
0001457_sc-1034001.jpg,,,,,,,,,,,,,,,,,,,,,,,,,,,,,,,,,,0,,train
0000492_as-0037513.jpg,1,,,,,,,,,,,,,,,,,,,,,,,,1,,,,,,,,,2,,train
0001127_sc-183146.jpg,1,,1,1,,,,,,,,,,,,,,,,,,,,,,,,,,,,,,3,,train
0001474_as-2851772.jpg,1,,,,,,,,,,,,,,,,,,,,,,,,,,,,,,,,,1,,train
0001415_as-0040786.jpg,1,,,,1,1,,1,,,,,,,,,,,,,,1,,,,,,,,,,,,6,,val
0001311_sc-150389.jpg,1,,,,1,1,,,1,,,,1,1,,,,,,,,,,,,,,,,,,,,6,,test
0000795_sc-1038002.jpg,1,,,,,,,,,,,,,,,,,,,,,,,,,,,,,,,,,1,,train
0000018_as-3127933.jpg,1,,,,1,1,,1,,,,,,,,,,,,,,,,,,,,,,,,,,4,,train
0000156_as-0026634.jpg,,,,,,,,,1,,,,1,,,,,,,1,,,,,,,,,,,,,,3,,train
0000922_as-0036301.jpg,1,,,,,,,,,,,,,,,,,,,,,,,,,,,,,,,,,2,,train
0000698_sc-1036535.jpg,1,,,,,,,,,,,,,,,,,,,,,,,,,,,,,,,,,1,,train
0000815_as-0032595.jpg,,,,,,,,,,,,,,,,,,,,,,,,,,,,,,,,,,0,,val
0000349_as-0000088.jpg,,,,,1,1,,1,,,,,,,,,,,,,,,,,,,,,,,,,,3,,test
0001553_as-0073135.jpg,1,,,1,,,,,,,,,,,1,,,,1,,,,,,,,,,,,,,,4,,train
0000886_as-0004241.jpg,,,,,1,,,,1,,,,,,,,,,,,,,1,,,,,,,,,,,3,,train
0000772_as-0049741.jpg,1,,,1,,,1,,,,,,,1,1,1,1,,1,,,,,,,,,,,,,,,8,,train
0001060_as-3350548.jpg,1,,,,1,1,,1,,,,,,,,,1,,,1,,1,,,,,,,,,,,,7,,train
0000372_as-0061741.jpg,,,,,1,,,,,,,,,,,,,,,,,,,,,,,,,,,,,1,,train
0000008_as-0036229.jpg,,,,,1,,,,,,,,,,,,,,,,,,,,,,,,,,,,,1,,val
0001192_as-0078913.jpg,1,,1,1,,,,,,,,,,,1,,,,1,,,,,,,,,,,,,,,5,,test
0000777_as-0049741.jpg,1,,,1,,,1,,,,,,,1,1,1,1,,1,,,,,,,,,,,,,,,8,,train
0001394_as-0089972.jpg,1,,,,,,,,,,,,,,,,,,,,,,,,,,,,,,,,,1,,train
0001413_as-0040786.jpg,1,,,,1,1,,1,,,,,,,,,,,,,,1,,,,,,,,,,,,6,,train
0000320_as-3288847.jpg,1,,,1,,,,,,,,,,1,,1,,,1,,,,,,,,,,,,,,,5,,train
0001377_as-3539791.jpg,,,,,1,,,1,,,,,,,,,,,,,,1,,,,,,,,,,,,3,,train
0001496_sc-191451.jpg,,,,,1,,,,,,,,,,,,,,,,,,,,,,,,,,,,,1,,val
0000274_sc-217487.jpg,,,,,,1,,,1,,,,1,,,,,,,,,,,,,,,,,,,,,3,,test
0000899_as-0007999.jpg,,,,,1,,,,,,,,,,,,,,,,,,,,,,,,,,,,,1,,train
0000043_as-0096878.jpg,1,,,1,,,,,,,,,,,1,,,,,,,,,,,,,,,,,,,3,,train
0001541_as-2786949.jpg,,,,,1,,,,,,,,,,,,,,,,,,,,,,,,,,,,,1,,train
0001193_as-0078913.jpg,1,,1,1,,,,,,,,,,,1,,,,1,,,,,,,,,,,,,,,5,,train
0000905_as-0078706.jpg,,,,,1,,,,,,,,,,,,,,,,,,,,,,,,,,,,,1,,train
0000776_as-0049741.jpg,1,,,1,,,1,,,,,,,1,1,1,1,,1,,,,,,,,,,,,,,,8,,val
0000171_as-0035589.jpg,,,,,,1,1,,,,,,,,,,,,,,,,,,,,,,,,,,1,3,,test
0001277_sc-121248.jpg,,,,,,,,,,,,,,,,,,,,,,,,,,,,,,,,,,0,,train
0000718_sc-145751.jpg,,,,,1,,,,,,,,,,,,,,,,,,,,,,,,,,,,,1,,train
0000324_sc-153212.jpg,1,,,,,,,,,,,,,,,,,,,,,,,,,,,,,,,,,1,,train
0000095_sc-126705.jpg,,,,,,,,,,,,,,,,,,,,,,,,,,,,,,,,,,0,,train
0001044_sc-182415.jpg,,,,,,,,,,,,,,,,,,,,,,,,,,,,,,,,,,0,,train
0001539_sc-1027474.jpg,,,,,1,,,,,,,,,,,,,,,,,,,,,,,,,,,,,1,,val
0001429_as-0043088.jpg,1,,,1,,,,,,,,,,,1,,1,,,1,,,,,,,,,,,,,,5,,test
0000530_as-2735823.jpg,,,,,,,,,,,,,,,,,,,,,,,,,,,,,,,,,,0,,train
0000364_as-0061741.jpg,,,,,1,,,,,,,,,,,,,,,,,,,,,,,,,,,,,1,,train
0000512_sc-124621.jpg,1,,,,,,,,,,,,,,,,,,,,1,,,,,,,,,,,,,2,,train
0000015_as-0031772.jpg,,,,,,,,,,,,,,,,,,,,,,,,,,,,,,,,,,0,,train
0001302_sc-150389.jpg,1,,,,1,1,,,1,,,,1,1,,,,,,,,,,,,,,,,,,,,6,,train
0000240_sc-1018546.jpg,1,,,,,,,,,,,,,,,,,,,,,,,,,,,,,,,,,1,,val
0001186_as-0014965.jpg,,,,,1,,,1,,,,,,,,,,,,,,1,,,,,,,,,,,,3,,test
0000946_sc-1038955.jpg,1,,,,,,,,,,,,,,,,,,,,,,,,,,,,,,,,,1,,train
0001173_as-0077088.jpg,,,,,1,,,,,,,,,,,,,,,,,,,,,,,,,,,,,1,,train
0001332_sc-1007946.jpg,1,,,,,,,,,,,,,,,,,,,,,,,,,,,,,,,,,1,,train
0001440_as-0022881.jpg,1,,,,,,,,,,,,,,,,,,,,,,,,,,,,,,,,,1,,train
0001305_sc-150389.jpg,1,,,,1,1,,,1,,,,1,1,,,,,,,,,,,,,,,,,,,,6,,train
0001298_sc-150389.jpg,1,,,,1,1,,,1,,,,1,1,,,,,,,,,,,,,,,,,,,,6,,val
0000643_as-0065385.jpg,,,,,1,,,,,,,,,,,,,,,,,,,,,,,,,,,,,1,,test
0000944_sc-1038955.jpg,1,,,,,,,,,,,,,,,,,,,,,,,,,,,,,,,,,1,,train
0001417_as-0040786.jpg,1,,,,1,1,,1,,,,,,,,,,,,,,1,,,,,,,,,,,,6,,train
0001419_as-0040786.jpg,1,,,,1,1,,1,,,,,,,,,,,,,,1,,,,,,,,,,,,6,,train
0001199_as-0028440.jpg,,,,,,,,,,,,,1,,,,,,,1,,,,,,,,,,,,,,2,,train
0000400_as-0055160.jpg,1,,,,,,,,,,,,,,,,,,1,,,,,,,,,,,,,,,2,,train
0000640_as-0065385.jpg,,,,,1,,,,,,,,,,,,,,,,,,,,,,,,,,,,,1,,val
0000019_as-3127933.jpg,1,,,,1,1,,1,,,,,,,,,,,,,,,,,,,,,,,,,,4,,test
0001078_as-0036507.jpg,,,,,1,,,,,,,,,,,,,,,,,,,,,,,,,,,,,1,,train
0000867_sc-108636.jpg,,,,,,,,,,,,,,,,,,,,,,,,,,,,,,,,,,0,,train
0001136_as-2931761.jpg,1,,,,,,,,,,,,,,,,,,,,,,,,,,,,,,,,,1,,train
0001263_as-0001661.jpg,,1,,,1,,,1,,,,,,,,,,,,,,,,,,,,,,,,,,3,,train
0001520_as-0032463.jpg,1,,,,,,,,,,,,,,,,,,,,,,,,,,,,,,,,,1,,train
0001461_as-0073284.jpg,1,,,,,,,,,,,,,,,,,,1,,,,,,,,,,,,,,,2,,val
0001010_as-0013381.jpg,1,,,1,,,,,,,,,,,1,,,,1,,,,,,,,,,,,,,,4,,test
0000419_as-0039880.jpg,,,,,1,,,,1,,,,,,,,,,,,,,,,,,,,,,,,,2,,train
0001045_sc-182415.jpg,,,,,,,,,,,,,,,,,,,,,,,,,,,,,,,,,,0,,train
0000115_sc-169959.jpg,1,,,,,,,,,,,,,,,,,,,,,,,,,,,,,,,,,1,,train
0000182_as-0064745.jpg,1,,,,,,,,,,,,,1,,1,,,1,,,,,,,,,,,,,,,4,,train
0000258_sc-198884.jpg,1,,,,,,,,,,,,1,,,,,,,,,,,,,,,,,,,,,2,,train
0001327_as-0081143.jpg,,,,,,,,,,,,,,,,,,,,,,,,,,,,,,,,,,0,,val
0000527_as-0081945.jpg,,,,,1,,,,,,,,,,,,,,,,,,,,,,,,,,,,,1,,test
0001253_sc-203894.jpg,,,,,1,,,,,1,,,,,,,,,,,,,,,,,,,,,,,,2,,train
0001064_sc-123724.jpg,,,,,,,,,,,,,,,,,,,,,,,,,,,,,,,,,,0,,train
0000679_sc-1024573.jpg,1,,,,,,,,,,,,1,,,,,,,,,,,,,,,,,,,,,2,,train
0000938_sc-1038955.jpg,1,,,,,,,,,,,,,,,,,,,,,,,,,,,,,,,,,1,,train
0001181_as-0002429.jpg,1,,,,,,,,,,,,,1,,,,,1,,,,,,,,,,,,,,,3,,train
0000078_as-0035111.jpg,,,,,1,,,,,,,,,,,,,,,,,,,,,,,,,,,,,1,,val
0000975_sc-1020358.jpg,,,,,,,,,,,,,,,,,,,,,,,,,,,,,,,,,,0,,test
0001208_as-0090860.jpg,1,,,,,,,,,,,,,,,,,,,,,,,,,,,,,,,,,1,,train
0001280_sc-1031209.jpg,1,,,,1,,,,,,,,,,,,,,,,,,,,,,,,,,,,,2,,train
0001363_sc-1033176.jpg,,,,,1,,,,,,,,,,,,,,,,,,,,,,,,,,,,,1,,train
0000560_as-0058093.jpg,1,,,,,,,,,,,,,,,,,,,,,,,,,,,,,,,,,1,,train
0001331_sc-1007946.jpg,1,,,,,,,,,,,,,,,,,,,,,,,,,,,,,,,,,1,,train
0000037_as-0096878.jpg,1,,,1,,,,,,,,,,,1,,,,,,,,,,,,,,,,,,,3,,val
0000934_as-0055336.jpg,,,,,1,,,,,,,,,,,,,,,,,,,,,,,,,,,,,1,,test
0000410_as-0035224.jpg,1,,,1,,,,,,,,,,,,,,,,,,,,,,,,,,,,,,2,,train
0001206_as-0090860.jpg,1,,,,,,,,,,,,,,,,,,,,,,,,,,,,,,,,,1,,train
0000860_sc-182997.jpg,1,,,,,,,,,,,,,,,,,,,,,,,,,,,,,,,,,1,,train
0001182_as-0028117.jpg,1,,,1,,,,,,,,,,,,,,,,,,,,,,,,,,,,,,2,,train
0000054_as-0082746.jpg,1,,,,1,1,,1,,,,,,,,,,,,,,,,,,,,,,,,,,5,,train
0000249_sc-198189.jpg,,,,,1,,,,,,,,,,,,,,,,,,,,,,,,,,,,,1,,val
0000048_as-0082746.jpg,1,,,,1,1,,1,,,,,,,,,,,,,,,,,,,,,,,,,,5,,test
0001171_as-0077088.jpg,,,,,1,,,,,,,,,,,,,,,,,,,,,,,,,,,,,1,,train
0000097_sc-126705.jpg,,,,,,,,,,,,,,,,,,,,,,,,,,,,,,,,,,0,,train
0000123_as-0038448.jpg,,,,,1,,,,,,,,,,,,,,,,,,,,,,,,,,,,,1,,train
0001407_sc-150219.jpg,1,,,,,,,,,,,,,,,,,,,,,,,,,,,,,,,,,1,,train
0000687_as-0018639.jpg,1,,,1,,,,,,,,,,,,,,,,,,,,,,,,,,,,,,2,,train
0000101_as-0059752.jpg,,,,,1,,,,,,,,,,,,,,,,,,,,,,,,,,,,,1,,val
0001184_as-0028117.jpg,1,,,1,,,,,,,,,,,,,,,,,,,,,,,,,,,,,,2,,test
0001177_as-0002429.jpg,1,,,,,,,,,,,,,1,,,,,1,,,,,,,,,,,,,,,3,,train
0000909_as-0016241.jpg,1,,,1,,,,,,,,,,1,,1,,,1,,,,,,,,,,,,,,,5,,train
0000881_as-0050809.jpg,,,,,1,,,,1,,,,1,1,,,,,1,1,,,,,,,,,,,,,,6,,train
0000773_as-0049741.jpg,1,,,1,,,1,,,,,,,1,1,1,1,,1,,,,,,,,,,,,,,,8,,train
0000334_as-0065081.jpg,,,,,1,,,,1,,,,,,,,,,,,,,1,,,,,,,,,,,3,,train
0000141_as-2915762.jpg,1,,,,,,,,,,,,,1,,1,,,1,,,,,,,,,,,,,,,4,,val
0000398_as-3112868.jpg,1,,,,,,,,,,,,,,,,,,,,,,,,,,,,,,,,,1,,test
0001387_as-0067762.jpg,1,,,,,,,,,,,,,,1,,1,,,,,,,,,,,,,,,,,3,,train
0001428_as-0043088.jpg,1,,,1,,,,,,,,,,,1,,1,,,1,,,,,,,,,,,,,,5,,train
0001292_as-0070059.jpg,1,,,,,,,,,,,,,,,,,,1,,,,,,,,,,,,,,,2,,train
0000526_as-0081945.jpg,,,,,1,,,,,,,,,,,,,,,,,,,,,,,,,,,,,1,,train
0000783_as-3003912.jpg,,,,,,1,,,,,,,,,,,,,,,,,,,,,,,,,,,,1,,train
0000122_as-0038448.jpg,,,,,1,,,,,,,,,,,,,,,,,,,,,,,,,,,,,1,,val
0000306_as-2614413.jpg,1,,,,1,,,,,,,,,,1,,1,,,,,,,,,,,,,,,,,5,,test
0000600_sc-179936.jpg,1,,,,,,,,,,,,,,,,,,,,,,,,,,,,,,,,,1,,train
0001065_as-2978631.jpg,1,,,,,,,,,,,,,,,,,,,,,,,,,,,,,,,,,1,,train
0000317_sc-218756.jpg,1,,,,,,,,,,,,,,,,,,,,,,,,,,,,,,,,,1,,train
0000686_sc-1024573.jpg,1,,,,,,,,,,,,1,,,,,,,,,,,,,,,,,,,,,2,,train
0000440_as-0039802.jpg,,,,,1,,,,,,,,,,,,,,,,,,,,,,,,,,,,,1,,train
0000293_as-2513910.jpg,,,,,,,1,,,,1,,,,,,,,,,,,,,,,,,,,,,,2,,val
0000024_sc-203122.jpg,,,,,,,,,,,,,,,,,,,,,,,,,,,,,,,,,,0,,test
0001312_sc-176476.jpg,1,,,,,,,,,,,,,,,,,,,,,,,,,,,,,,,,,1,,train
0000309_as-0063226.jpg,1,,,,,,,,,,,,,,,,,,,,,,,,,,,,,,,,,1,,train
0001501_sc-207186.jpg,1,,1,1,,,,,,,,,,,,,,,,,,,,,,,,,,,,,,3,,train
0000844_sc-125479.jpg,1,,1,,,,,,,,,,,,,,,,,,,,,,,,,,,,,,,2,,train
0000327_as-0065081.jpg,,,,,1,,,,1,,,,,,,,,,,,,,1,,,,,,,,,,,3,,train
0001122_sc-222685.jpg,,,,,,,,,,,,,,,,,,,,,,,,,,,,,,,,,,0,,val
0000010_sc-186320.jpg,1,,,,,,,,,,,,,,,,1,,,,,,,,,,,,,,,,,2,,test
0000753_as-0092299.jpg,,,,,,1,1,,,,,,,,,,,,,,,,,,,,,,,,,,,2,,train
0000692_as-0039688.jpg,,,,,,,,,,,,,1,1,,,,,1,1,,,,,,,,,,,,,,4,,train
0001326_as-0081143.jpg,,,,,,,,,,,,,,,,,,,,,,,,,,,,,,,,,,0,,train
0000350_sc-140575.jpg,,,,,,,,,,,,,,,,,,,,,,,,,,,,,,,,,,0,,train
0000086_sc-1038787.jpg,1,,,,,,,,,,,,,,,,,,,,,,,,,,,,,,,,,1,,train
0000644_as-0065385.jpg,,,,,1,,,,,,,,,,,,,,,,,,,,,,,,,,,,,1,,val
0001248_sc-140204.jpg,1,,,,,,,,,,,,,,,,,,,,,,,,,,,,,,,,,1,,test
0001270_sc-127642.jpg,,,,,,,,,,,,,,,,,,,,,,,,,,,,,,,,,,0,,train
0001323_as-0078390.jpg,,,,,1,,,,,,,,,,,,,,,,,,,,,,,,,,,,,1,,train
0001399_as-0089972.jpg,1,,,,,,,,,,,,,,,,,,,,,,,,,,,,,,,,,1,,train
0000895_as-0007999.jpg,,,,,1,,,,,,,,,,,,,,,,,,,,,,,,,,,,,1,,train
0000058_as-0082746.jpg,1,,,,1,1,,1,,,,,,,,,,,,,,,,,,,,,,,,,,5,,train
0001480_as-0070569.jpg,,,,,,1,,,1,,,,1,1,,,,,,1,,,,,,,,,,,,,,5,,val
0000202_as-2534116.jpg,1,,,,1,1,1,1,,,,,,,,1,,,1,1,,,,,,,,,,,,,,8,,test
0001483_as-0070569.jpg,,,,,,1,,,1,,,,1,1,,,,,,1,,,,,,,,,,,,,,5,,train
0001534_as-3037667.jpg,,1,,,1,,,,1,,,,,,,,,,,,,,,,,,,,,,,,,3,,train
0001213_as-0025934.jpg,1,,,,,,1,,,,,,,,1,1,1,,,,,,,,,,,,,,,,,5,,train
0000383_sc-156350.jpg,1,,,,1,,,,1,,,,1,,,,,,,,,,,,,,,,,,,,,4,,train
0001128_sc-183146.jpg,1,,1,1,,,,,,,,,,,,,,,,,,,,,,,,,,,,,,3,,train
0000774_as-0049741.jpg,1,,,1,,,1,,,,,,,1,1,1,1,,1,,,,,,,,,,,,,,,8,,val
0000896_as-0007999.jpg,,,,,1,,,,,,,,,,,,,,,,,,,,,,,,,,,,,1,,test
0001183_as-0028117.jpg,1,,,1,,,,,,,,,,,,,,,,,,,,,,,,,,,,,,2,,train
0001212_as-0025934.jpg,1,,,,,,1,,,,,,,,1,1,1,,,,,,,,,,,,,,,,,5,,train
0001135_sc-220440.jpg,1,,,,,,,,,,,,,,,,,,,,,,,,,,,,,,,,,1,,train
0001352_sc-110798.jpg,1,,,,1,1,,1,,,,,,,,,,,,,,,,,,,,,,,,,,4,,train
0000389_as-0046441.jpg,,,,,1,,,,,,,,,,,,,,,,,,,,,,,,,,,,,1,,train
0000323_sc-153212.jpg,1,,,,,,,,,,,,,,,,,,,,,,,,,,,,,,,,,1,,val
0001420_as-0040786.jpg,1,,,,1,1,,1,,,,,,,,,,,,,,1,,,,,,,,,,,,6,,test
0000740_as-3329066.jpg,1,,,1,,,,,,,,,,,,1,,,1,,,,,,,,,,,,,,,4,,train
0000416_sc-133902.jpg,,,,,,,,,,,,,,,,,,,,,,,,,,,,,,,,,,0,,train
0000879_as-0050809.jpg,,,,,1,,,,1,,,,1,1,,,,,1,1,,,,,,,,,,,,,,6,,train
0000042_as-0096878.jpg,1,,,1,,,,,,,,,,,1,,,,,,,,,,,,,,,,,,,3,,train
0001360_as-0078890.jpg,,,,,1,,,,1,,,,,,,,,,,,,,,,,,,,,,,,,2,,train
0001289_as-0070059.jpg,1,,,,,,,,,,,,,,,,,,1,,,,,,,,,,,,,,,2,,val
0000340_as-0052574.jpg,,,,,,1,1,,,,,,,,,,,,,,,,,,,,,,,,,,,2,,test
0000318_sc-218756.jpg,1,,,,,,,,,,,,,,,,,,,,,,,,,,,,,,,,,1,,train
0001137_sc-127482.jpg,,,,,,,,,,,,,,,,,,,,,,,,,,,,,,,,,,0,,train
0000863_as-0072983.jpg,1,,,,,,,,,,,,,,,,,,,,,,,,,,,,,,,,,2,,train
0001006_sc-158628.jpg,1,,,,,,,,1,,,,1,,,,,,,,,,,,,,,,,,,,,3,,train
0000312_as-0075428.jpg,1,,,1,,,,,,,,,,,,,,,,,,,,,,,,,,,,,,2,,train
0000842_sc-125479.jpg,1,,1,,,,,,,,,,,,,,,,,,,,,,,,,,,,,,,2,,val
0000366_as-0061741.jpg,,,,,1,,,,,,,,,,,,,,,,,,,,,,,,,,,,,1,,test
0000991_as-0060150.jpg,,,,,,1,,1,,,,,,,,,,,,1,,,,,,,,,,,,,,3,,train
0000751_as-0092299.jpg,,,,,,1,1,,,,,,,,,,,,,,,,,,,,,,,,,,,2,,train
0001437_as-2706087.jpg,,,,,,,,,1,,,,1,,,,,,,,,,,,,,,,,,,,,2,,train
0000894_sc-1003188.jpg,1,,,,,,,,,,,,,,,,,,,,,,,,,,,,,,,,,1,,train
0000427_sc-1007428.jpg,1,,,,1,1,,,,,,,,,,,,,,,,,,,,,,,,,,,,3,,train
0001328_as-0081143.jpg,,,,,,,,,,,,,,,,,,,,,,,,,,,,,,,,,,0,,val
0000434_sc-164159.jpg,1,,,,,1,,1,,,,,,,,,,,,,,,,,,,,,,,,,,3,,test
0001011_as-0013381.jpg,1,,,1,,,,,,,,,,,1,,,,1,,,,,,,,,,,,,,,4,,train
0001395_as-0089972.jpg,1,,,,,,,,,,,,,,,,,,,,,,,,,,,,,,,,,1,,train
0001176_as-0066940.jpg,,,,,1,,,,,,,,,,,,,,,,,,,,,,,,,,,,,1,,train
0000581_sc-129920.jpg,,,,,1,,,,1,,,,,,,,,,,,,,,,,,,,,,,,,2,,train
0000525_as-0081945.jpg,,,,,1,,,,,,,,,,,,,,,,,,,,,,,,,,,,,1,,train
0001143_sc-216555.jpg,,,,,1,,,,,,,,,,,,,,,,,,,,,,,,,,,,,1,,val
0000545_sc-145666.jpg,1,,,,,,,,,,,,,,,,,,,,,,,,,,,,,,,,,1,,test
0001438_as-0015462.jpg,,,,,1,,,1,,,,,,,,,,,,,,,,,,,,,,,,,,2,,train
0000752_as-0092299.jpg,,,,,,1,1,,,,,,,,,,,,,,,,,,,,,,,,,,,2,,train
0000437_sc-164159.jpg,1,,,,,1,,1,,,,,,,,,,,,,,,,,,,,,,,,,,3,,train
0001164_sc-212263.jpg,1,,,,,1,,,,,,,,,,,,,,,,,,,,,,,,,,,,2,,train
0000631_as-3301283.jpg,1,,,,,,,,,,,,,,,,,,,,,,,,,,,,,,,,,1,,train
0000981_as-0005969.jpg,,,,,1,1,1,1,,,1,,,,1,,,,,1,,,,,,,,,,,,,,7,,val
0000555_sc-192822.jpg,1,,,,,,,,,,,,,,,,,,,,,,,,,,,,,,,,,1,,test
0000871_as-2680547.jpg,1,,,,,,,,,,,,,,,,,,,,,,,,,,,,,,,,,1,,train
0000415_sc-133902.jpg,,,,,,,,,,,,,,,,,,,,,,,,,,,,,,,,,,0,,train
0000001_as-2866890.jpg,,,,,,,,,,,,,,,,,,,1,,,,,,,,,,,,,,,1,,train
0001533_as-0077824.jpg,,,,,1,,,,1,,,,,,,,,,,,,,,,,,,,,,,,,2,,train
0000714_as-0066312.jpg,,,,,1,,,,1,,,,,,,,,,,,,,,,,,,,,,,,,2,,train
0000452_as-0056313.jpg,1,,,,,,,,,,,,,,,,,,,,,,,,,,,,,,,,,1,,val
0000257_sc-198884.jpg,1,,,,,,,,,,,,1,,,,,,,,,,,,,,,,,,,,,2,,test
0000365_as-0061741.jpg,,,,,1,,,,,,,,,,,,,,,,,,,,,,,,,,,,,1,,train
0000822_as-0049148.jpg,1,,,,,,,,,,,,,,,,,,,,,,,,,,,,,,,,,1,,train
0001150_sc-149689.jpg,,,,,1,,,,,,,,,,,,,,,,,,,,,,,,,,,,,1,,train
0001552_as-0073135.jpg,1,,,1,,,,,,,,,,,1,,,,1,,,,,,,,,,,,,,,4,,train
0000322_as-2668505.jpg,,,,,,,1,1,,,,,,,,,,,,1,,,,,,,,,,,,,1,4,,train
0000331_as-0065081.jpg,,,,,1,,,,1,,,,,,,,,,,,,,1,,,,,,,,,,,3,,val
0000633_sc-134388.jpg,1,,,,1,,,,,,,,,,,,,,,1,,,,,,,,,,,,,,3,,test
0000561_as-0058093.jpg,1,,,,,,,,,,,,,,,,,,,,,,,,,,,,,,,,,1,,train
0001321_as-0002145.jpg,,,,,1,,,,,,,,,,,,,,,,,,,,,,,,,,,,,1,,train
0000713_as-0094034.jpg,,,,,,,,,1,,,,1,1,,,,,1,1,,,,,,,,,,,1,,1,7,,train
0000096_sc-126705.jpg,,,,,,,,,,,,,,,,,,,,,,,,,,,,,,,,,,0,,train
0000176_sc-153567.jpg,1,,1,,,,,,,,,,,,,,,,,,,,,,,,,,,,,,,2,,train
0001226_as-0047330.jpg,,,,,,,,,,,,,,1,,,,,1,1,,,,,,,,,,,,,,3,,val
0001386_as-2953771.jpg,,,,,,1,,,,,,,,,,,,,,,,,,,,,,,,,,,,1,,test
0000185_as-0064745.jpg,1,,,,,,,,,,,,,1,,1,,,1,,,,,,,,,,,,,,,4,,train
0001299_sc-150389.jpg,1,,,,1,1,,,1,,,,1,1,,,,,,,,,,,,,,,,,,,,6,,train
0001265_as-0001661.jpg,,1,,,1,,,1,,,,,,,,,,,,,,,,,,,,,,,,,,3,,train
0001355_sc-110798.jpg,1,,,,1,1,,1,,,,,,,,,,,,,,,,,,,,,,,,,,4,,train
0000835_sc-172537.jpg,1,,,,,,,,,,,,,,,,,,,,,,,,,,,,,,,,,1,,train
0001396_as-0089972.jpg,1,,,,,,,,,,,,,,,,,,,,,,,,,,,,,,,,,1,,val
0000357_as-0061741.jpg,,,,,1,,,,,,,,,,,,,,,,,,,,,,,,,,,,,1,,test
0000253_sc-137849.jpg,,,,,,,,,,,,,,,,,,,,,,,,,,,,,,,,,,0,,train
0000715_as-0066312.jpg,,,,,1,,,,1,,,,,,,,,,,,,,,,,,,,,,,,,2,,train
0000705_as-2819797.jpg,,,,,1,,,,,,,,,,,,,,,,,,,,,,,,,,,,,1,,train
0001458_as-0073520.jpg,1,,1,1,,,,,,,,,,,,1,,,1,,,,,,,,,,,,,,,5,,train
0001525_sc-103428.jpg,1,,,,1,,,,,,,,,,,,,,,,,,,,,,,,,,,,,2,,train
0000803_sc-217809.jpg,,,,,,,,,,,,,,,,,,,,,,,,,,,,,,,,,,0,,val
0001527_as-0026643.jpg,1,,,1,,,,,,,,,,,,,,,,,,,,,,,,,,,,,,2,,test
0000937_sc-110876.jpg,,,,,1,,,,,,,,,,,,,,,,,,,,,,,,,,,,,1,,train
0000997_sc-1034559.jpg,1,,,,,,,,,,,,,,,,,,,,,,,,,,,,,,,,,1,,train
0000623_sc-134627.jpg,,,,,,,,,,,,,,,,,,,,,,,,,,,,,,,,,,0,,train
0000269_sc-1018026.jpg,,,,,,,,,,,,,,,,,,,,,,,,,,,,,,,,,,0,,train
0000775_as-0049741.jpg,1,,,1,,,1,,,,,,,1,1,1,1,,1,,,,,,,,,,,,,,,8,,train
0002238_as-0021845.jpg,,1,,,1,,,,,,,,,,,,,,,,,,,,,,,,,,,,,2,,val
0001775_sc-177607.jpg,1,,,,,,,,,,,,,,,,,,,,1,,,,,,,,,,,,,2,,test
0002074_sc-134253.jpg,,,,,,,,,,,,,,,,,,,,,,,,,,,,,,,,,,0,,train
0001642_as-2545049.jpg,1,,,1,,,,,,,,,,,1,,1,,,,,,,,,,,,,,,,,4,,train
0002100_as-0020214.jpg,1,,,1,,,,,,,,,,,,1,,,1,,,,,,,,,,,,,,,4,,train
0002596_as-0095289.jpg,1,,,1,,,,,,,,,,,,1,,,1,,,,,,,,,,,,,,,4,,train
0002049_as-2849060.jpg,,,,,1,,1,1,,,,,,,1,,,,,,,,,,,,1,,,,,,,5,,train
0002234_as-0027953.jpg,,,,,1,,,,1,,,,,,,,,,,,,,,,,,,,,,,,,2,,val
0002559_sc-106449.jpg,,,,,,,,,,,,,,,,,,,,,,,,,,,,,,,,,,0,,test
0001713_as-3311472.jpg,1,1,,,1,,,1,1,,,,,,,,,,,,,1,1,1,,,,,,,,,,8,,train
0002045_as-0058814.jpg,,,,,,,,,,,,,,1,,,,,1,1,,,,,,,,,,,,,,3,,train
0001757_as-0086946.jpg,1,,,1,,,,,,,,,,,1,,,,,,,,,,,,,,,,,,,3,,train
0001569_sc-155959.jpg,1,,,,,,,,,,,,,,,,1,,,,,,,,,,,,,,,,,2,,train
0001918_sc-111510.jpg,1,,,,,,,,,,,,,,,,1,,,,,,,,,,,,,,1,,,3,,train
0001913_sc-1040402.jpg,1,,,,,,,,,,,,,,,,,,,,,,,,,,,,,,,,,1,,val
0001667_sc-160846.jpg,1,,,,1,,,,,,,,1,,,,,,,,,,,,,,,,,,,,,3,,test
0002142_sc-1041737.jpg,,,,,,,,,,,,,,,,,,,,,,,,,,,,,,,,,,0,,train
0002506_sc-159030.jpg,1,,,,,,,,,,,,,,,,,,,,1,,,,,,,,,,,,,2,,train
0001984_as-2765276.jpg,1,,,,,,,,,,,,,,,,,,,,,,,,,,,,,,,,,1,,train
0001727_as-2929096.jpg,1,,,,,,,,,,,,,,,,,,,,,,,,,,,,,,,,,1,,train
0001826_as-3186708.jpg,1,,,,,,,,,,,,,,,,,,,,,,,,,,,,,,,,,1,,train
0001600_as-0046412.jpg,1,,,,,,,,,,,,,,,,,,,,,,,,,,,,,,,,,1,,val
0002321_as-0067105.jpg,,,,,1,,,,1,,,,,,,,,,,,,,,,,,,,,,,,,2,,test
0001746_sc-1003691.jpg,1,,,,,,,,,,,,,,,,,,,,,,,,,,,,,,,,,1,,train
0002245_as-0041578.jpg,1,,,,,,,,,,,1,,,,,,,1,,,,,,,,,,,,,,,3,,train
0002139_sc-205471.jpg,1,,,,,,,,,,,,,,,,,,,,,,,,,,,,,,,,,1,,train
0002307_as-0080247.jpg,1,,,1,,,1,,,,,,,,1,,1,,,1,,,,,,,,,,,,,,6,,train
0001840_as-0095370.jpg,1,,,,1,,,,,,,,,,,,,,,,,,,,,,,,,,,,,2,,train
0002485_sc-170586.jpg,1,,,,,,,,,,,,,,,,,,,,,,,,,,,,,,,,,1,,val
0002451_sc-1006684.jpg,1,,,,,,,,,,,,,,,,,,,,,,,,,,,,,,,,,1,,test
0001558_sc-112159.jpg,,,,,1,,,,,,,,,,,,,,,,,,,,,,,,,,,,,1,,train
0001641_sc-189552.jpg,1,,,,,,,,,,,,,,,,,,,,,,,,,,,,,,,,,1,,train
0001858_sc-193707.jpg,1,,,,,,,,,,,,,,,,,,,,,,,,,,,,,,,,,1,,train
0001623_sc-1032779.jpg,1,,,,,,,,,,,,,,,,,,,,,,,,,,,,,,,,,1,,train
0002113_as-2932344.jpg,1,,,,,,,,,,,,,,1,,,,,,,,,,,,,,,,,,,2,,train
0001729_sc-200245.jpg,,,,,1,,,,1,,,,1,,,,,,,,,,,,,,,,,,,,,3,,val
0002078_sc-171092.jpg,1,,,,,,,,,,,,,,,,1,,,,,,,,,,,,,,,,,2,,test
0002407_as-3155069.jpg,1,,,1,,,,,,,,,,1,,1,,,1,,,,,,,,,,,,,,,5,,train
0002058_as-0042079.jpg,,,,,1,,,,1,,,,,,,,,,,,,,,,,,,,,,,,,2,,train
0002096_as-0020214.jpg,1,,,1,,,,,,,,,,,,1,,,1,,,,,,,,,,,,,,,4,,train
0002497_as-0017404.jpg,,,,,,,,,,,,1,1,1,,,,,1,,,,,,,,,,,,,,,4,,train
0002291_as-0001609.jpg,,,,,1,,,,1,,,,,,,,,,,,,,,,,,,,,,,,,2,,train
0002073_sc-134253.jpg,,,,,,,,,,,,,,,,,,,,,,,,,,,,,,,,,,0,,val
0002122_sc-171902.jpg,,,,,1,,,1,,,,,,,,,,,,,,,,,,,,,,,,,,2,,test
0001636_as-2569834.jpg,1,,,,,,,,,,,,,,1,,1,,,,,,,,,,,,,,,,,3,,train
0001749_as-0020846.jpg,,,,,1,,,,1,,,,,,,,,,,,,,,,,,,,,,,,,2,,train
0002190_as-0014799.jpg,1,,1,1,,,,,,,,,,,1,,,,1,,,,,,,,,,,,,,1,7,,train
0001907_sc-172193.jpg,,,,,,,,,,,,,,,,,,,,,,,,,,,,,,,,,,0,,train
0001700_sc-121782.jpg,,,,,,1,,,,,,,,,,,,,,,,,,,,,,,,,,,,1,,train
0002133_as-0064687.jpg,1,,,,,,,,,,,,,,,,,,,,,,,,,,,,,,,,,1,,val
0001896_sc-153277.jpg,,,,,,1,,,,,,,1,,,,,,,,,,,,,,,,,,,,,2,,test
0002366_sc-164554.jpg,1,,,,1,,,,,,,,,,,,,,,,,,,,,,,,,,,,,2,,train
0002166_sc-1021411.jpg,1,,,,,,,,,,,,,,,,,,,,,,,,,,,,,,,,,1,,train
0002496_as-0017404.jpg,,,,,,,,,,,,1,1,1,,,,,1,,,,,,,,,,,,,,,4,,train
0001898_sc-153277.jpg,,,,,,1,,,,,,,1,,,,,,,,,,,,,,,,,,,,,2,,train
0002056_as-0042079.jpg,,,,,1,,,,1,,,,,,,,,,,,,,,,,,,,,,,,,2,,train
0001989_as-3420191.jpg,,,,,1,,,,1,,,1,1,1,,,,,1,1,,,1,,,,,,,,,,,8,,val
0002192_as-0014799.jpg,1,,1,1,,,,,,,,,,,1,,,,1,,,,,,,,,,,,,,1,7,,test
0002214_as-2702965.jpg,1,,,,,,,,,,,,,,,,,,1,,,,,,,,,,,,,,,2,,train
0001803_sc-1004656.jpg,,,,,1,,,,,,,,,,,,,,,,,,,,,,,,,,,,,1,,train
0002471_as-3072997.jpg,,1,,,1,,,1,1,,,,,,,,,,,,,,,,,,,,,,,,,4,,train
0001805_as-0032868.jpg,1,,1,,,,,,,,,,,,1,1,1,,1,,,,,,,,,,,,,,,6,,train
0001750_as-0020846.jpg,,,,,1,,,,1,,,,,,,,,,,,,,,,,,,,,,,,,2,,train
0001748_as-0020846.jpg,,,,,1,,,,1,,,,,,,,,,,,,,,,,,,,,,,,,2,,val
0002057_as-0042079.jpg,,,,,1,,,,1,,,,,,,,,,,,,,,,,,,,,,,,,2,,test
0002016_as-3074220.jpg,1,,,,,1,1,,,,,,,,1,,1,,,,,,,,,,,,,,,,,6,,train
0002203_as-0022890.jpg,1,,,1,,,,,,,,,,,1,,,,,,,,,,,,,,,,,,,3,,train
0002365_sc-164554.jpg,1,,,,1,,,,,,,,,,,,,,,,,,,,,,,,,,,,,2,,train
0002525_sc-170007.jpg,1,,,,,,,,,,,,,,,,,,,,,,,,,,,,,,,,,1,,train
0002438_sc-1037724.jpg,,1,,,,,,,,,,,,,,,,,,,,,,,,,,,,,,,,1,,train
0001557_sc-112159.jpg,,,,,1,,,,,,,,,,,,,,,,,,,,,,,,,,,,,1,,val
0002557_sc-106449.jpg,,,,,,,,,,,,,,,,,,,,,,,,,,,,,,,,,,0,,test
0001915_sc-1040402.jpg,1,,,,,,,,,,,,,,,,,,,,,,,,,,,,,,,,,1,,train
0002313_as-0005787.jpg,,,,,1,,,,,,,,,,,,,,,,,,,,,,,,,,,,,1,,train
0001766_sc-164021.jpg,1,,,,,,,,1,,,,1,,,,,,,,,,,,,,,,,,,,,3,,train
0002482_sc-1022454.jpg,,,,,1,,,,,1,,,,,,,,,,,,,,,,,,,,,,,,2,,train
0002516_as-0084195.jpg,,1,,,1,,,,,,,,,,,,,,,,,,,,,,,,,,,,,2,,train
0002472_as-2840089.jpg,1,,,,1,,,,1,,,,1,,,,,,,,,,,,,,,,,,,,,4,,val
0001783_as-0090045.jpg,,,,,1,,,,,,,,,,,,,,,,,,,,,,,,,,,,,1,,test
0001952_sc-1023578.jpg,,,,,,,,,,,,,,,,,,,,,,,,,,1,,,,,,,,1,,train
0001796_sc-219834.jpg,1,,,,,,,,,,,,,,,,,,,,,,,,,,,,,,,,,1,,train
0002468_sc-1030689.jpg,1,,,,,,,,,,,,,,,,,,,,,,,,,,,,,,,,,1,,train
0001637_sc-156827.jpg,1,,,,,,,,,,,,,,,,,,,,,,,,,,,,,,,,,1,,train
0001581_sc-146471.jpg,1,,,,,,,,,,,,,,,,,,,,,,,,,,,,,,,,,1,,train
0002001_sc-1013517.jpg,1,,1,,,,,,,,,,,,,,,,,,,,,,,,,,,,,,,2,,val
0001859_sc-1034507.jpg,,,,,,,,,,,,,,,,,,,,,,,,,,,,,,,,,,0,,test
0002088_sc-1034089.jpg,,,,,1,,,,,,,,,,,,,,,,,,,,,,,,,,,,,1,,train
0002191_as-0014799.jpg,1,,1,1,,,,,,,,,,,1,,,,1,,,,,,,,,,,,,,1,7,,train
0001704_sc-126683.jpg,1,,,,,,,,,,,,,,,,,,,,,,,,,,,,,,,,,1,,train
0002330_as-0028009.jpg,,,,,,,,,,,,,1,1,,,,,,1,,,,,,,,,,,,,,3,,train
0001595_sc-180632.jpg,,,,,1,,,,,,,,,,,,,1,,,,,,,,,,,,,,,,2,,train
0002547_as-2931764.jpg,1,,1,,,,,,,,,,,,1,,1,,1,,,,,,,,,,,,,,,5,,val
0002086_sc-171092.jpg,1,,,,,,,,,,,,,,,,1,,,,,,,,,,,,,,,,,2,,test
0001596_sc-180632.jpg,,,,,1,,,,,,,,,,,,,1,,,,,,,,,,,,,,,,2,,train
0001812_sc-212791.jpg,1,,,,,,,,,,,,,,,,,,,,,,,,,,,,,,,,,1,,train
0001804_sc-1004656.jpg,,,,,1,,,,,,,,,,,,,,,,,,,,,,,,,,,,,1,,train
0002076_as-0069974.jpg,,,,,1,1,,1,,,,,,,,,,,,,,1,,,,,,,,,,,,4,,train
0001691_as-2602001.jpg,1,,,,,,,,,,,,,,,,,,,,,,,,,,,,,,,,,1,,train
0001822_as-3288558.jpg,1,,,,,,,,1,,,,1,,,,,,,1,,,,,,,,,,,,,,4,,val
0001945_sc-1028218.jpg,,,,,,,,,,,,,,,,,,,,,,,,,,,,,,,,,,0,,test
0002075_sc-134253.jpg,,,,,,,,,,,,,,,,,,,,,,,,,,,,,,,,,,0,,train
0002059_as-0042079.jpg,,,,,1,,,,1,,,,,,,,,,,,,,,,,,,,,,,,,2,,train
0001921_sc-191998.jpg,1,,1,,,,,,,,,,,,,,,,,,,,,,,,,,,,,,,2,,train
0002276_as-0029109.jpg,,,,,1,,,,,,,,,,,1,1,,,,,,,,,,,,,,,,,3,,train
0002223_as-0037029.jpg,,1,,,,,,1,,,,,,,,,,,,,,,,,,,,,,,1,,,3,,train
0001654_sc-1040572.jpg,1,,,,1,,,,,,,,,,,,,,,,,,,,,,,,,,,,,2,,val
0001663_sc-160846.jpg,1,,,,1,,,,,,,,1,,,,,,,,,,,,,,,,,,,,,3,,test
0001762_as-3532796.jpg,,,,,1,,,,,,,,,,,,,,,,,,,,,,,,,,,,,1,,train
0002306_as-0080247.jpg,1,,,1,,,1,,,,,,,,1,,1,,,1,,,,,,,,,,,,,,6,,train
0002077_sc-171092.jpg,1,,,,,,,,,,,,,,,,1,,,,,,,,,,,,,,,,,2,,train
0001717_as-0074226.jpg,1,,,,,,,,,,,,,,,,,,,,,,,,,,,,,,,,,2,,train
0002442_as-2641312.jpg,1,,,1,,,,,,,,,,,1,,1,,,,,,,,,,,,,,,,,4,,train
0001975_sc-145043.jpg,1,,,,,,,,1,,,,1,,,,,,,,,,,,,1,,,,,,,,4,,val
0001675_sc-118346.jpg,,,,,,,,,,,,,,,,,,,,,,,,,,,,,,,,,,0,,test
0001768_sc-183088.jpg,1,,,,,,,,,,,,,,,,,,,,,,,,,,,,,,,,,1,,train
0002124_sc-171902.jpg,,,,,1,,,1,,,,,,,,,,,,,,,,,,,,,,,,,,2,,train
0001758_as-0086946.jpg,1,,,1,,,,,,,,,,,1,,,,,,,,,,,,,,,,,,,3,,train
0001747_sc-1003691.jpg,1,,,,,,,,,,,,,,,,,,,,,,,,,,,,,,,,,1,,train
0002422_as-2914541.jpg,1,,,1,,,,,,,,,,,1,1,,,1,,,,,,,,,,,,,,,5,,train
0001586_sc-206162.jpg,,,,,,,,,,,,,,,,,,,,,,,,,,,,,,,,,,0,,val
0001991_as-0049905.jpg,,,,,,,,,,,,,,1,,,,,1,,,,,,,,,,,,,,,2,,test
0001774_sc-1004169.jpg,,,,,1,,,,,,,,,,,,,,,,,,,,,,,,,,,,,1,,train
0002213_as-0029289.jpg,1,,,,,,,,,,,,,,,,,,1,,,,,,,,,,,,,,,2,,train
0001976_sc-145043.jpg,1,,,,,,,,1,,,,1,,,,,,,,,,,,,1,,,,,,,,4,,train
0002558_sc-106449.jpg,,,,,,,,,,,,,,,,,,,,,,,,,,,,,,,,,,0,,train
0001676_sc-119166.jpg,,,,,1,,,,,,,,,,,,,,,,,,,,,,,,,,,,,1,,train
0002355_sc-124434.jpg,1,,,,,,,,,,,,,,,,,,,,,,,,,,,,,,,,,1,,val
0002324_as-0028009.jpg,,,,,,,,,,,,,1,1,,,,,,1,,,,,,,,,,,,,,3,,test
0001809_as-0032868.jpg,1,,1,,,,,,,,,,,,1,1,1,,1,,,,,,,,,,,,,,,6,,train
0001917_sc-111510.jpg,1,,,,,,,,,,,,,,,,1,,,,,,,,,,,,,,1,,,3,,train
0002462_sc-104768.jpg,,,,,,,,,,,,,,,,,,,,,,,,,,,,,,,,,,0,,train
0002530_as-0044818.jpg,,1,,,1,,,,,,,,,,,,,,,,,,,,,,,,,,,,,2,,train
0001880_sc-114816.jpg,1,,,,,,,,,,,,,1,,,,,,,,,,,,,,,,,,,,2,,train
0002335_as-0082474.jpg,,,,,,,,1,1,,,,1,1,,,,,,1,,,,,,,,,,,,,,5,,val
0001722_sc-151570.jpg,,,,,,1,,1,,,,,,,,,,,,,,,,,,,,,,,,,,2,,test
0002148_as-3478102.jpg,1,,,,,,,,,,,,,,,,,,,,,,,,,,,,,,,,,1,,train
0002301_as-0008485.jpg,,,,,,,,,,,,,,,,,,,,,,,1,,,,,,,,,,,1,,train
0002509_sc-159030.jpg,1,,,,,,,,,,,,,,,,,,,,1,,,,,,,,,,,,,2,,train
0002582_sc-156819.jpg,1,,,,,,,,,,,,,,,,,,,,,,,,,,,,,,,,,1,,train
0002456_as-0016108.jpg,1,,,,,,,,,,,,,,1,,1,,,,,,,,,,,,,,,,,3,,train
0002081_sc-171092.jpg,1,,,,,,,,,,,,,,,,1,,,,,,,,,,,,,,,,,2,,val
0002473_as-0047858.jpg,,,,,1,,,1,,,,,,,,,,,,,,,,,,,,1,,,,,,3,,test
0001953_sc-1023578.jpg,,,,,,,,,,,,,,,,,,,,,,,,,,1,,,,,,,,1,,train
0002503_sc-1019078.jpg,,,,,,,,,,,,,,,,,,,,,,,,,,,,,,,,,,0,,train
0002159_as-0032330.jpg,1,,,,,,,,,,,,,,1,,1,,,,,,,,,,,,,,,,,3,,train
0001770_sc-183088.jpg,1,,,,,,,,,,,,,,,,,,,,,,,,,,,,,,,,,1,,train
0002322_as-0067105.jpg,,,,,1,,,,1,,,,,,,,,,,,,,,,,,,,,,,,,2,,train
0002226_sc-191820.jpg,1,,,,,,,,,,,,,,,,1,,,,,,,,,,,,,,,,,2,,val
0002416_sc-150513.jpg,,,,,,,,,,,,,,,,,,,,,,,,,,,,,,,,,,0,,test
0002175_as-0030606.jpg,,,,,1,,1,,,,,,1,1,,,,,,,,,,,,,,,,,,,,4,,train
0002573_as-0042689.jpg,,,,,1,,,,,,,,,,,,,,,,,,,,,,,,,,,,,1,,train
0002043_as-0058814.jpg,,,,,,,,,,,,,,1,,,,,1,1,,,,,,,,,,,,,,3,,train
0001681_sc-175422.jpg,1,,,,1,,,,,,,,,,,,,,,,,,,,,,,,,,,,,2,,train
0002351_sc-175435.jpg,1,,,,,,,,,,,,,,,,,,,,,,,,,,,,,,,,,1,,train
0002404_sc-1009723.jpg,1,,,,1,1,,1,,,,,,,,,,,,1,,,,,,,,,,,,,,5,,val
0001939_as-0037736.jpg,,,,,,1,,1,,,,,,,,,,,,,,,,,,,,,,,,,,2,,test
0002129_as-2538184.jpg,1,,,1,,,,,,,,,,,,1,,,,,,,,,,,,,,,,,,3,,train
0002492_sc-218157.jpg,1,,,,,,,,,,,,,,,,,,,,,,,,,,,,,,,,,1,,train
0001905_as-0031577.jpg,1,,,1,,,,,,,,,,,,,,,,,,,,,,,,,,,,,,2,,train
0002563_as-0058286.jpg,,,,,1,,,,,,,,,,,,,,,,,,,,,,,,,,,,,1,,train
0001847_as-0018547.jpg,,,,,1,1,,1,,,,,,,,,,,,,,1,,,,,,,,,,,,4,,train
0002267_as-0057562.jpg,,,,,,,,,,,,,,,,1,1,,,1,,1,1,,,,,,,,,,,5,,val
0001670_as-0000466.jpg,1,,,,,,,,,,,,,,,,,,,,,,,,,,,,,,,,,1,,test
0002026_as-0037054.jpg,,,,,,,,,,,,,,,,,,,,,,,,,,,,,,,,,1,1,,train
0001860_sc-1034507.jpg,,,,,,,,,,,,,,,,,,,,,,,,,,,,,,,,,,0,,train
0002246_as-0041578.jpg,1,,,,,,,,,,,1,,,,,,,1,,,,,,,,,,,,,,,3,,train
0001609_as-0049310.jpg,1,,,1,,,,,1,,,,1,1,,1,,,1,1,,,,,,,,,,,,,,8,,train
0001656_sc-1040572.jpg,1,,,,1,,,,,,,,,,,,,,,,,,,,,,,,,,,,,2,,train
0002068_as-3261430.jpg,1,,1,1,,,,,,,,,,,1,1,,,,,,,,,,,,,,,,,,6,,val
0002103_as-0042479.jpg,1,,,1,1,1,1,1,,,,,,,1,,1,,,1,,1,,,,,,,,,,,,10,,test
0001602_as-0004014.jpg,,,,,1,,,,1,,,,,,,,,,,,,,,,,,,,,,,,,2,,train
0002567_as-2718791.jpg,1,,,1,,,1,,,,,1,,1,1,1,,,1,1,,,,1,,,,,,,1,,,11,,train
0002362_sc-103209.jpg,1,,,,,,,,,,,,,1,,,,,,,,,,,,,,,,,,,,2,,train
0002025_as-3181660.jpg,1,,,,,1,1,,,,,,,,1,,1,,,1,,,,,,,,,,,,,,7,,train
0002574_as-0042689.jpg,,,,,1,,,,,,,,,,,,,,,,,,,,,,,,,,,,,1,,train
0001672_as-2602318.jpg,1,,,,,,,,,,,,,,,,,,,,,,,,,,,,,,,,,1,,val
0002007_sc-122856.jpg,,,,,,,,,,,,,,,,,,,,,,,,,,,,,,,,,,0,,test
0002254_as-0057562.jpg,,,,,,,,,,,,,,,,1,1,,,1,,1,1,,,,,,,,,,,5,,train
0001659_sc-160846.jpg,1,,,,1,,,,,,,,1,,,,,,,,,,,,,,,,,,,,,3,,train
0002247_as-0041578.jpg,1,,,,,,,,,,,1,,,,,,,1,,,,,,,,,,,,,,,3,,train
0002107_as-0070631.jpg,,,,,1,,,,,,,,,,,,,,,,,,,,,,,,,,,,,1,,train
0002243_as-0021845.jpg,,1,,,1,,,,,,,,,,,,,,,,,,,,,,,,,,,,,2,,train
0002233_as-0027953.jpg,,,,,1,,,,1,,,,,,,,,,,,,,,,,,,,,,,,,2,,val
0002255_as-0057562.jpg,,,,,,,,,,,,,,,,1,1,,,1,,1,1,,,,,,,,,,,5,,test
0002395_as-0022299.jpg,1,,,,1,,1,,,,,,,,1,,,,,1,,,,,,,,,,,,,,5,,train
0001721_sc-151570.jpg,,,,,,1,,1,,,,,,,,,,,,,,,,,,,,,,,,,,2,,train
0002195_as-0014799.jpg,1,,1,1,,,,,,,,,,,1,,,,1,,,,,,,,,,,,,,1,7,,train
0001933_as-0037736.jpg,,,,,,1,,1,,,,,,,,,,,,,,,,,,,,,,,,,,2,,train
0002392_as-0022299.jpg,1,,,,1,,1,,,,,,,,1,,,,,1,,,,,,,,,,,,,,5,,train
0002449_sc-1006684.jpg,1,,,,,,,,,,,,,,,,,,,,,,,,,,,,,,,,,1,,val
0001992_as-0054514.jpg,1,,,,,,1,,,,,,,,1,,1,,,,,,,,,,,,,,,,,4,,test
0002048_as-2813177.jpg,,,,,,,,1,,,,,,,,,,,,1,,,,,,,,,,,,,,2,,train
0001819_sc-1002874.jpg,,,,,1,,,,,,,,,,,,,,,,,,,,,,,,,,,,,1,,train
0001960_as-2937825.jpg,1,,,1,,,,,,,,,,,1,,1,,,,,,,,,,,,,,,,,4,,train
0002375_as-0040085.jpg,,,,,1,1,,1,,,,,,,,,,,,1,,1,,,,,,,,,,,,5,,train
0002314_as-0005787.jpg,,,,,1,,,,,,,,,,,,,,,,,,,,,,,,,,,,,1,,train
0001832_as-0082211.jpg,1,,,1,,,,,,,,,,,1,,,,1,,,,,,,,,,,,,,,4,,val
0001680_sc-175422.jpg,1,,,,1,,,,,,,,,,,,,,,,,,,,,,,,,,,,,2,,test
0001864_sc-1025135.jpg,1,,,,,,,,,,,,,,,,,,,,,,,,,,,,,,,,,1,,train
0002134_as-0064687.jpg,1,,,,,,,,,,,,,,,,,,,,,,,,,,,,,,,,,1,,train
0002568_sc-218688.jpg,,,,,1,,,,,,,,,,,,,,,,,,,,,,,,,,,,,1,,train
0001974_sc-166629.jpg,1,,,,,,,,,,,,,,,,,,,,,,,,,,,,,,,,,1,,train
0002299_as-0008485.jpg,,,,,,,,,,,,,,,,,,,,,,,1,,,,,,,,,,,1,,train
0001763_sc-164021.jpg,1,,,,,,,,1,,,,1,,,,,,,,,,,,,,,,,,,,,3,,val
0002538_as-0041772.jpg,1,,,,,,,,,,,,,,,,,,,,,,,,,,,,,,,,,2,,test
0001634_sc-183654.jpg,,,,,,,,,,,,,,,,,,,,,,,,,,,,,,,,,,0,,train
0001668_sc-160846.jpg,1,,,,1,,,,,,,,1,,,,,,,,,,,,,,,,,,,,,3,,train
0002202_as-0055326.jpg,1,,,,,,,,,,,,,,,,,,,,,,,,,,,,,,,,,1,,train
0001937_as-0037736.jpg,,,,,,1,,1,,,,,,,,,,,,,,,,,,,,,,,,,,2,,train
0002232_as-0027953.jpg,,,,,1,,,,1,,,,,,,,,,,,,,,,,,,,,,,,,2,,train
0001573_sc-157444.jpg,,,,,1,,,,,,,,,,,,,,,,,,,,,,,,,,,,,1,,val
0002398_sc-108092.jpg,,,,,,,,,,,,,,,,,,,,,,,,,,,,,,,,,,0,,test
0002141_sc-1041737.jpg,,,,,,,,,,,,,,,,,,,,,,,,,,,,,,,,,,0,,train
0002183_sc-116315.jpg,,,,,,,,,,,,,,,,,,,,,,,,,,,,,,,,,,0,,train
0002019_as-0081500.jpg,1,,,,,,,,,,,,,,,,,,,,,,,,,,,,,,,,,2,,train
0002110_sc-184350.jpg,,,,,,,,,,,,,,,,,,,,,,,,,,,,,,,,,,0,,train
0001977_sc-145043.jpg,1,,,,,,,,1,,,,1,,,,,,,,,,,,,1,,,,,,,,4,,train
0002457_as-0016108.jpg,1,,,,,,,,,,,,,,1,,1,,,,,,,,,,,,,,,,,3,,val
0002167_sc-1021411.jpg,1,,,,,,,,,,,,,,,,,,,,,,,,,,,,,,,,,1,,test
0001582_sc-146471.jpg,1,,,,,,,,,,,,,,,,,,,,,,,,,,,,,,,,,1,,train
0001792_as-0090045.jpg,,,,,1,,,,,,,,,,,,,,,,,,,,,,,,,,,,,1,,train
0002551_as-3150780.jpg,,,,,1,,,,,,,,,,,,,,,,,,,,,,,,,,,,,1,,train
0002163_as-0031757.jpg,,,,,,,,,,,,1,,1,,1,,,1,,,,,,,,,,,,,,,4,,train
0002349_sc-175435.jpg,1,,,,,,,,,,,,,,,,,,,,,,,,,,,,,,,,,1,,train
0002562_as-0058286.jpg,,,,,1,,,,,,,,,,,,,,,,,,,,,,,,,,,,,1,,val
0002136_as-0064687.jpg,1,,,,,,,,,,,,,,,,,,,,,,,,,,,,,,,,,1,,test
0002305_as-0080247.jpg,1,,,1,,,1,,,,,,,,1,,1,,,1,,,,,,,,,,,,,,6,,train
0002369_as-0040085.jpg,,,,,1,1,,1,,,,,,,,,,,,1,,1,,,,,,,,,,,,5,,train
0002017_sc-151612.jpg,1,,,,,,,,,,,,,,,,,,,,,,,,,,,,,,,,,1,,train
